uID,name,DOB,language,password
1,cwelch,1951-11-15,Luba-Katanga,^y9$Oek5y35X
2,teresa41,1947-08-16,Xhosa,#ztjCd@ssTp4
3,luis97,1928-05-03,Polish,mp#2vMnG@5zI
4,esavage,1989-07-29,Lao,_t4vrdXup8(K
5,christopher33,1971-04-28,Javanese,k3a4kQr5%gGp
6,erinmclaughlin,1979-07-26,Hindi,B^Q+NpsC+K6d
7,roseescobar,1945-02-10,Hungarian,+(6zP)x2h#qw
8,robinsonjasmine,1952-06-02,Korean,$4Nvk$#cajFj
9,michelleshelton,1945-08-10,Dzongkha,!sBS0Smh388w
10,rarnold,1961-12-17,Wolof,*8ZRdEgntKfx
11,dsteele,2003-09-27,Esperanto,$5KNfEc$!ZQR
12,bmckinney,1961-08-27,Rundi,J7nM&jd!SCB@
13,mdavis,2005-01-14,Irish,)*qgBoLfS+U9
14,steven82,1929-04-07,Yoruba,+^80#DxcY5tD
15,rvargas,1971-07-08,Hindi,O27RtxU(NU#D
16,udelgado,1926-05-30,Tswana,XJq8LKMjT#eK
17,kevin14,1923-11-26,Somali,I+CKAd2v@^1Z
18,vicki67,1962-05-02,Kinyarwanda,pNIBfdlg^(9H
19,ksimon,1988-05-14,English,#CcPKClXB5yK
20,erinhernandez,1956-01-28,North Ndebele,$1S9++eV3cwY
21,tperry,1967-08-07,Persian,U%TqoHf39#7U
22,frederickmaxwell,1985-10-06,Abkhazian,(7z@Ckjhx9!6
23,dianefoley,1919-02-13,Slovenian,f1nlGDH2$4Br
24,bdunn,1926-06-11,Russian,wsTvJNnOR2v+
25,adamsjoshua,1949-04-19,Ossetian,jh8JmVfPpGO+
26,taylorzoe,1917-09-06,Welsh,e(7wEDqaYKg0
27,cbarry,1990-08-30,Sundanese,x!JBNCcq@M3L
28,zrichards,1920-04-22,Czech,dLqkJ^dr&&9F
29,ikim,2018-05-21,Tamil,izuNJFs!$3fu
30,uvance,1961-10-12,Latin,6!R8EyHl&J_P
31,curtisamy,2004-10-20,Bislama,WQLf35b()97A
32,tanya72,2017-07-27,Thai,EYfZnu_eg%8W
33,hendersonmichael,2006-11-12,Turkish,j63^9eFcHiYp
34,fmcfarland,1930-02-07,Catalan,*2j0hvMrNfHE
35,nancyflowers,1950-02-12,Ukrainian,FQ4ElDaWS#1B
36,ellislinda,1982-01-20,Croatian,61!OCgX3R_7A
37,stacey72,2021-03-02,Chuvash,&9sO4JNSNOUu
38,fwilkinson,1923-11-03,Panjabi,!chw$gAc9+CU
39,beth01,1996-07-27,Kashmiri,(S%r*NJtlA4l
40,vwilson,2013-12-21,Estonian,u!C81Ginppr$
41,lindabond,1919-12-20,Uighur,$jKNlav^6sYz
42,bergerrobert,1986-07-03,Walloon,Ca*1CjFzUyEg
43,fowleranthony,2011-05-23,Somali,pG&41Fs+1xoe
44,nsingleton,2016-05-08,Panjabi,ga9%w&a1(I#W
45,karenroberts,1949-03-01,Northern Sami,u+7kUIEhI9*y
46,itaylor,1990-06-06,Sundanese,pB3nz2c2_#ID
47,qferguson,1940-09-30,Komi,gZNHNIpl%!56
48,michealsalinas,1938-06-13,Aragonese,%35%%C!vARV_
49,tiffanyholt,1979-06-01,Venda,^^qEunc%%x8E
50,wendygarcia,2008-05-22,Portuguese,Z%9!#fu28Q$P
51,kirkmark,2003-02-05,Dutch,ZCu0X6PbPn((
52,taylorhodges,1930-09-08,Limburgan,l0iEvRv8%2QC
53,yrobinson,1971-09-18,Tamil,FVRmbU26+03Y
54,ufreeman,2021-11-14,Serbian,$wpZ1LvAHulQ
55,garrettjeffrey,2017-04-04,Hungarian,n_IO9ulaiId4
56,ellisrobert,1982-05-12,Sango,m^Q9M8DdtOhP
57,mlee,2004-07-21,Avaric,nsI&LgN7_8A$
58,josephbishop,1964-03-18,Somali,(6L6JVhR40yF
59,graysean,1943-01-06,Cornish,c#YByi*z8h82
60,kristencarr,1946-07-21,Fijian,d24Jn$mx_05A
61,erikazuniga,1962-04-23,Walloon,ARZ7OQz7zC@@
62,stephaniesimpson,2010-05-24,Irish,!a3M^Lrro472
63,umartin,1994-05-27,Tonga,sxOjgpTwl!G8
64,lambjacqueline,1921-04-28,Tatar,dX9BX7Sg!22h
65,stephaniebarnes,1995-07-26,Danish,^sezJKgUN1Fw
66,fmorrison,1922-11-06,Venda,#waXTw$lE&25
67,swilliams,1986-09-12,Akan,@%t8c)Ay4WM8
68,frank91,2008-05-30,Bihari languages,*GB8IP#nP%kv
69,eperry,2022-09-26,Belarusian,#!0*#vvmQEN^
70,adamdunn,2004-05-06,Chamorro,Aer!Z2SqRg)7
71,qjones,1959-07-20,Divehi,860QYa5V$5Bh
72,sdawson,2020-05-27,Mongolian,8eQ7mF!R$6hH
73,clinesusan,1950-10-30,Divehi,Z#Gf9XAcKN@+
74,joshuaanderson,1940-09-20,Somali,+3t91rQklgH#
75,david85,1937-05-14,Bihari languages,t)ZSC9FaF0Wx
76,ihaynes,1977-02-21,Danish,(ark$du_ZK7D
77,scollins,1924-06-23,Hiri Motu,^UOMRpaJO827
78,robertrich,1924-02-08,Azerbaijani,I_sK+Uhq6$1H
79,barrettchristopher,1972-06-02,Rundi,(e2G1MhRfBhx
80,ginabutler,1928-09-20,Luxembourgish,7Z9N+Cjw$y7j
81,ashley04,1970-05-13,Czech,(8ybV6B0oBzo
82,kimberlywagner,1958-09-13,Rundi,@6Z%JxD0_Plc
83,davidbrown,1998-01-22,Ojibwa,2X(3Q7Fa#Y7L
84,opatel,1930-04-16,Dutch,%fNu3f#aF26n
85,harriselizabeth,1925-03-27,Venda,s1^6PlxJ@*n(
86,maryjones,1912-02-03,Maori,)4ZV$9m1I)Ri
87,mariosmith,1953-02-08,Interlingua,jzxpGhL%d!67
88,krowe,1972-09-07,"Sotho, Southern",&$GrCDTil^O7
89,hweaver,2003-05-19,Rundi,aF+1RVduIRbZ
90,sheltonjoseph,1919-05-17,Bosnian,*SZL*Fppu31y
91,wharrison,1963-02-16,Ido,@_vgqAydifH9
92,mhughes,1984-04-11,Tonga,mh9@uCmta+7M
93,darrenwiley,1946-06-06,Ganda,(@9E40WZJosH
94,kholmes,1999-10-02,Luba-Katanga,Fj3fxofbL1K!
95,thomasjensen,2005-03-01,French,+UVRG2aJXgg7
96,barnettnicholas,1925-06-30,Kashmiri,+IMN%zF2!!H0
97,randymontgomery,1960-03-26,Slovak,WC+9BkoSniFO
98,butlergregory,1933-11-24,Yoruba,q&4l(fygveTs
99,robert17,1982-06-21,North Ndebele,OL3V5KGc^NIF
100,garnermary,1983-08-11,Ossetian,ig7!kFftqj*I
101,igilbert,1940-12-09,Kikuyu,a1&xuTbU_22N
102,william60,1932-03-29,Norwegian Nynorsk,aq81Wtft+s5a
103,codypeterson,2021-04-13,Kalaallisut,x2(zEM@e$)Qh
104,hthomas,2015-11-22,Irish,!g7QEiEl7+K3
105,sean49,1986-01-01,Limburgan,fY67Z7w)f)QO
106,gperry,1943-01-02,Ido,(8NYxvAxtFQs
107,burnettscott,1951-06-07,Twi,dS%F5H4xMv3q
108,perezadam,2016-10-12,Komi,#G+7RqCQhXU!
109,michelereed,1960-12-21,Afar,d52lR%gkO$8n
110,obrienthomas,1909-10-24,Aymara,37QsGxwb_t#F
111,heathlinda,1961-05-23,Limburgan,+S#IxNd556FP
112,davidlopez,2000-03-20,Interlingua,y%3F_Ea$VW+P
113,hdaniels,1980-02-20,Corsican,@@YXvJIz*08E
114,eanderson,2023-03-21,Persian,&wes@L+gM_)2
115,schneiderregina,1993-11-30,Afar,_T2gQF5a7N$G
116,jacob92,1971-11-06,Persian,PAyDB5eo^2BM
117,colinruiz,1959-01-03,Afrikaans,86hZqcD)_RUE
118,brownchristopher,1993-01-01,Mongolian,9nJ0IRwF#0O(
119,agriffin,2000-07-28,Amharic,Y0YLJt^j*8FN
120,ucrawford,2011-09-13,Tagalog,+*ohTgii2Wzn
121,xtrevino,1946-11-13,Guarani,gj(8eTV#c@+2
122,rhenry,1911-11-01,Kalaallisut,@L@4Oo8wn3Xw
123,hsmith,1998-01-08,Interlingue,e0FG17Ss*+(t
124,hillcatherine,2019-06-14,Kinyarwanda,W3Y1F4h+zz&9
125,campbellvanessa,2017-07-01,Swati,_9)c6b%NaCG6
126,lewiskaren,1924-08-08,Venda,s)2Mo20u!utr
127,johnnystokes,1915-04-23,Dzongkha,J@e$aSjlYK3#
128,pricejustin,2010-03-14,Turkmen,(Z5oIhdRtGO3
129,thomas33,1953-01-20,Lingala,D09MU4k0^%uf
130,ysandoval,1964-01-05,Sardinian,gH4nJlPp&h!Q
131,lindaperkins,1922-04-23,Kalaallisut,bd7g&c3wu!Ua
132,andrewlopez,1940-08-17,Thai,+43Ped24Y@k2
133,jorgemcdonald,2001-05-07,Sardinian,_6HkZchQkOty
134,rosarionancy,1929-08-09,Quechua,c%^3oGo7iqK4
135,ycain,1972-06-25,Hindi,A@^3dZLh+b7u
136,timothyfranco,1918-08-02,Icelandic,)8I7IAag_j08
137,scott16,2005-12-03,Polish,)&%wGGQZV7Vz
138,petersgreg,2012-03-12,Cornish,#0v5lPY43$De
139,yrogers,2014-06-10,Estonian,a6X^k$P(_2Us
140,jfrazier,2013-01-24,Limburgan,G^K!bOvy2C4I
141,michaelsanchez,1967-12-08,Yiddish,$2BD6k)gpmGk
142,rebecca12,1985-08-12,Corsican,W9TSwvaK+uWo
143,duncanalvin,1931-01-08,Shona,*hfxkXSj5dMt
144,eyang,1966-05-30,Greek,+%WYnXdr2ygu
145,glenda34,1942-04-05,English,0B&P8Wz^IbW8
146,angelicajackson,1964-04-21,Navajo,__*A8jslYx1U
147,edward70,1944-12-30,Amharic,@IgQuIlvpE1F
148,vcastillo,2011-04-18,Yiddish,7x$LTYbw^@VL
149,ryan34,1927-05-29,Twi,3$uYpk#Z)Pms
150,yhayden,1985-12-03,Navajo,&YCNcyj&l94U
151,davidguerrero,1912-05-11,Bosnian,@4YOqC8GfyCN
152,connersarah,2002-11-02,Tatar,F3ZmPEaw+_i2
153,heather84,1924-08-13,Dzongkha,jRj^Oi+2Kk+2
154,sandra24,1935-03-20,Chamorro,El03IbHMp%yA
155,justin58,1992-11-07,Korean,t8mwDWy3^Z4H
156,dawn82,1972-03-02,Telugu,KKBgxQo9@5^R
157,autumn80,1948-12-22,Malay,#0im8BmA!gGl
158,humphreyautumn,1932-04-04,Persian,ltY#Tw%@%3NG
159,amy06,1964-10-05,Ndonga,rUSTSOUd#4W(
160,garciacarrie,1946-07-07,Cree,g2nSr6AkPF!n
161,bclayton,2022-07-19,Romanian,&5Z5WTJlAuy*
162,deborahwebb,1973-05-04,Igbo,W8OH*FmJ+7xk
163,phillip46,1948-04-12,Corsican,2(L4cvJkoqL+
164,vrich,1916-04-20,Kinyarwanda,*&s2JNTi+IM9
165,elizabeth75,1991-07-13,North Ndebele,K0Du*+08#0J$
166,woodstravis,2013-08-06,Northern Sami,@WQAMMe2F01U
167,douglashensley,1958-04-16,Slovak,+S4pbcrhsM+T
168,rhester,1970-08-20,Aragonese,grEx_vf((1V%
169,ubennett,1912-06-23,Assamese,%+Dso+dwr6Z$
170,jeffreyerickson,2016-09-21,Western Frisian,^tj17O4s9yYS
171,gwilliams,2016-01-17,Mongolian,+s&W6G_vFie#
172,stuarttammy,2021-11-05,Swati,%IVFs8l_10r3
173,gonzalezrebecca,1984-09-02,Interlingua,q%p$&TqwVQ3z
174,michaelbrown,1922-05-03,Indonesian,5jQGDh1W^8W_
175,hannah30,2012-09-21,North Ndebele,QCYr73Yh&!8B
176,nicholas14,2004-09-04,Kongo,g7G7Kc@%@vDb
177,paula68,1989-12-22,Kinyarwanda,y7NbbgZ4$5)W
178,tsparks,1931-05-03,Northern Sami,o2WuJveA!MBa
179,jasontaylor,1961-01-04,Church Slavic,#i@nZk5thG6F
180,codyjuarez,1938-07-04,Slovenian,P4)YVtkr_o0B
181,williamsmark,1956-06-05,Kinyarwanda,l13Q66Emef+I
182,eoliver,1974-12-11,Finnish,_0LYnqNK!v^w
183,brian12,2023-07-03,Bambara,F@l^iDeliH2G
184,larsonjulia,1949-01-26,Fijian,!1&K6ciaw13v
185,bcampbell,2022-12-22,Croatian,IpQi^SLJ%4xX
186,jessica24,2017-01-18,Swahili,&8#*HvaZ+ngH
187,linda77,1942-08-28,Russian,Qct2HfB+eoc)
188,brandonlopez,1979-06-27,Arabic,nGj$ePSp4uu7
189,kdavis,1926-04-21,Nepali,%iatIbtNn63R
190,brownteresa,1927-02-22,Inuktitut,cg+BEYy$(_6f
191,katie36,2018-07-31,Quechua,%lu3hxwwvECl
192,josekerr,2024-10-17,Aragonese,39tI8sdT_AUn
193,teresasavage,1987-04-10,Assamese,3J9AY1PzsH$3
194,qcooper,1972-10-28,Yiddish,&9D6ml5Fm82i
195,cannonjennifer,1964-09-27,Tonga,I*gxdsmV&2Lf
196,landrews,1989-03-07,Oromo,48POGlEK(1Fv
197,dawn70,1966-06-30,Maori,!(n)2I1wcna*
198,hgonzales,2016-05-15,Uzbek,LR^eJRUn#7yJ
199,kmarsh,1946-07-21,Kinyarwanda,%XQrYkxA%9To
200,rachel84,2005-05-23,Hiri Motu,#s0qG2lD13%Q
201,karenhicks,1999-07-30,Armenian,0$%m00Cyr*g_
202,boonefrancisco,2020-05-25,Swati,ehm6fQdS@PtH
203,travistyler,1992-09-06,Panjabi,Xap!*bZVc3UE
204,sotoderrick,2023-08-04,Persian,a7N$hK%cD0*W
205,ygarcia,2018-05-02,Hausa,$ws2!GWuqkBz
206,catherine96,2018-05-28,Spanish,#9PXEtbIU07G
207,krichardson,2004-11-16,Chuvash,2088gJ_av*$T
208,kyleolson,1942-01-24,Luba-Katanga,@0xb6pIoV_d5
209,lrasmussen,1949-11-08,Occitan,fu%7RqFxC@1h
210,andersontheresa,1985-11-12,Nauru,#_jKe1(qQZa1
211,zholmes,1916-08-12,Komi,!055^4d4+tmD
212,lori68,2021-08-12,Afar,%G2IwobD4)TE
213,amanda70,1928-02-01,Sichuan Yi,Szy4rRUp@1*e
214,vcampbell,1954-09-20,Walloon,@cuQpOSNBxY1
215,tonyawalker,1986-03-05,Macedonian,g^6^&q$Oq3Yk
216,victoriawade,1941-11-10,Sango,oKH0jIVJ$QaQ
217,chungkristen,1977-11-23,Galician,+8GgwpCi*1Yz
218,sperry,1981-11-21,Swati,X9Y$5Ur!U4^*
219,sandovalwilliam,1968-07-28,Armenian,Rn1(I5w!j^iX
220,robin77,1933-04-13,Venda,g!3iNc9aMXW!
221,stephaniesnyder,1936-01-01,Limburgan,Dr86p2Gh$EBG
222,tammybyrd,1935-04-20,Bengali,T1GpGmLpH_C@
223,garnerstacie,1978-10-31,Komi,6DYxGpat_8&2
224,garciajoshua,2003-07-02,"Sotho, Southern",U9VpB*wP)2HJ
225,nnelson,1964-08-16,Fijian,8cW6OLtKgU&Z
226,nixonadrienne,2001-06-10,Macedonian,M^w(0O9x3k$5
227,larsoncharlotte,1932-05-15,Hebrew,wn30kivjo)HX
228,lisa36,1916-07-10,Tswana,m3O@37^O77#t
229,ofernandez,1985-05-04,Interlingue,_2BiqsJi#jQ)
230,kevin52,1988-01-13,Portuguese,V@1MG4ug0$ur
231,harveyheather,1961-11-16,Slovak,I08&z+ShI^Sm
232,tamara35,2011-03-18,Oriya,8AnrhMT&)dyW
233,xcruz,1980-11-13,Spanish,X(#AYlUep$E0
234,hintonjonathan,1993-09-12,Tahitian,FfMtvJFD+4Gw
235,amandawright,1961-05-14,Manx,&nw0OV8o6JDE
236,mcdonaldjesse,1978-09-06,Uighur,uOZ@DpW_#C1C
237,anthonymccormick,1921-11-03,Oromo,)x7@d6nha^3S
238,tony29,1955-03-26,Avestan,!gp$JnkI$1Q*
239,jmccann,1979-07-07,Ewe,Qa1VpqE21*@_
240,elizabeth93,1998-09-16,Afrikaans,6_G_dG^Q*rUv
241,seth82,1915-04-06,Sango,eACit98^*6tL
242,wgarcia,1929-04-14,Chechen,35TpfSrRD!9(
243,holly37,1979-05-04,Bulgarian,(rVKByAV0+l#
244,reedalexandra,2002-02-24,Turkmen,XaofQY*F^#35
245,jasonshelton,1913-07-25,Belarusian,PmEoNvCdE!1a
246,maryrojas,2023-09-30,Bengali,f+xWPj5iJa89
247,ryan43,1959-02-12,Bulgarian,(4m_z!zbZ9qP
248,johnsonrachel,1930-09-05,Xhosa,^zyw3LnFa3eE
249,marcus31,1929-09-10,Pushto,aE)f9IUuE$hE
250,charlesbaxter,1930-12-14,Lithuanian,rk+8G(ly+h1_
251,williamsspencer,1959-01-24,Urdu,FZ@M*Aelg(4c
252,laneleslie,1932-11-29,Sundanese,hbMI0R(e_r(z
253,earlaguilar,1937-01-30,Turkmen,8%9(Ye)QoEbA
254,chasecharles,1917-01-20,Czech,4iEmTj5c#kq3
255,wmathews,1930-09-12,Kalaallisut,!WKS&RuS@e2B
256,robertmoses,1931-02-21,Catalan,$F7IosiuT^N%
257,amyarnold,1909-11-14,Persian,&+VIMm6vC3Cj
258,robinjenkins,1913-05-22,Kikuyu,!KFnut^f3W(N
259,lauravazquez,1975-08-12,Avaric,Z)D3Jtgsj5Z!
260,tharper,1994-11-18,Swahili,^6EhAe34AtGR
261,samanthachan,1956-05-27,Latin,*%DiOlHk6fNj
262,johnstonandrew,1976-08-11,Romansh,!5OnZCG6Mcso
263,psmith,2007-05-12,Latin,5#QKgj!3r)B!
264,martinricky,1955-09-11,Ido,_39)eBVmvCKz
265,lisa49,1931-11-09,Ewe,Tt3YQ3a$eo4$
266,keithnathan,1913-10-26,Lithuanian,j_!jEk70fZ58
267,irwinwendy,1974-03-31,Kikuyu,*omgOoj*%45y
268,alexandrajohnson,1935-04-07,Fijian,Yt3HdY@X_8sM
269,donnabrown,1950-01-01,Tibetan,8GM^aG!AhTLh
270,jorgemiller,1953-08-21,Marshallese,+6&Ll5eb&+2%
271,joyce32,2016-02-23,Azerbaijani,y2KG1VDygFC%
272,davidwalsh,2022-02-27,Interlingue,_+9iBi0q&83B
273,tmartinez,2005-11-03,Afrikaans,0mCADrNgZ@N5
274,emily43,2001-06-17,Javanese,EcfHHWxaC_2o
275,edwin44,1958-07-31,Turkmen,%UN1CwX$kNT#
276,jeremywhite,2013-03-01,Bambara,$#^Q_ozzv1a0
277,annstokes,1926-11-05,Church Slavic,$7rg(hiht5OS
278,james48,2020-04-24,Indonesian,K@$HSKJeuz2C
279,michael80,1994-08-26,Bosnian,%ALOm9&fS9ji
280,sethmoore,1979-09-05,Ndonga,&^(2aSyC2kEl
281,owillis,1919-05-30,Sango,71IVs55M@Y9X
282,kimberly94,2025-02-28,Ewe,L^4R0p)%ng4M
283,vreid,1916-03-09,Fijian,%C8ZSEXl3BHd
284,qdavis,1975-11-15,Albanian,nAKFhE%o+31G
285,gonzalezderek,2022-01-10,Malayalam,@39MHn7rsj4&
286,stephanie36,1940-04-16,Urdu,_HsNcQuxr13P
287,lisacampbell,1946-03-18,South Ndebele,_#HUykNK9zkd
288,lawsonrobert,1934-03-18,Irish,vVKW6dRrB*5n
289,gpittman,1921-09-29,Oriya,z27HOawP!2D1
290,jeromejuarez,2025-02-26,Czech,(QI2nsIz11zZ
291,whill,2006-12-17,German,@^B8uGyobuWO
292,phillip18,1930-12-11,Spanish,iVe3ByGw$jzK
293,montgomerybenjamin,1983-06-05,Aymara,v_F46DzXoT&V
294,mckenzie43,1958-09-21,Dzongkha,4DK%g6Xc!x2s
295,pearsonpenny,1977-09-04,Portuguese,WF8HchW(RGP+
296,rebeccavillanueva,1979-01-26,Gujarati,P_IHZe*#ax9#
297,andrewstewart,1970-04-24,Marathi,bF+Avb@J$_8v
298,ismith,1917-01-08,Mongolian,Mb9*bxRXI#CJ
299,khernandez,1927-09-12,Chechen,eN+rO6je3@4E
300,james74,2009-09-18,Somali,^jY26INb*YL$
301,eburke,1927-05-30,Bambara,l2&6#ZXlc%*1
302,weberamber,2005-07-23,Haitian,2AJ#YIQ#)f4l
303,jennifer68,1928-02-05,Catalan,!5R1ecgjxUx$
304,mgarrison,1981-08-29,Sardinian,u26@p@%lI@PW
305,baileyamanda,1988-10-01,Breton,(s5zI9qfZ$!l
306,gregorybarnett,1931-04-23,Herero,qDGQ2b(WO%1Y
307,dwilkinson,1930-06-01,Walloon,!w%Y+cnmAp7&
308,russell47,1985-12-29,Inupiaq,!lw12Ibr0)zg
309,meghansantos,2005-09-16,Sinhala,@z6$fAn()Oa*
310,ymiller,1939-06-06,Somali,FXWlp^yN1&4K
311,brandi25,2006-02-15,English,s$0_qbse(UX1
312,jessicacarpenter,1922-02-21,Venda,DouNiqnL(y5e
313,williamsjessica,1912-02-23,Tigrinya,ioN549Zh(bY8
314,courtneymora,1919-08-17,Tibetan,FkIg$pc2$EJ9
315,cookaustin,1909-07-12,Pushto,$HHLcxRc(y4J
316,christinesilva,1990-05-01,Ojibwa,5+N*EOcJ(!4Y
317,nmiller,2004-12-11,Faroese,$o)6NfnV#bK4
318,tbooker,1961-08-21,Samoan,AI22w#$w1_p#
319,mary44,2009-10-17,Amharic,Ky20NgHd*zTr
320,ijackson,1964-05-03,Sardinian,OV0gEKa*2!VP
321,gvasquez,1966-10-27,Hindi,h1CoEcg4!jzk
322,sean71,1929-08-17,Wolof,lD5U+1_j+7&Y
323,tamara33,1917-11-05,Afar,dhIUTfrZ%eV1
324,kcantrell,1937-01-20,Kikuyu,9HT4YPXy@eiQ
325,brownashley,1925-11-23,Catalan,z80AgzYt(193
326,mcgeevanessa,1909-06-30,Serbian,1Gdo9JcfA_b^
327,bhowell,1936-08-05,Chechen,$17P^kCpoA)E
328,christinasandoval,1922-01-12,Greek,1GKTSbtt%)#w
329,cliffordjackson,2004-02-21,Church Slavic,dVT7EgiP+cY0
330,preston91,1942-07-08,Macedonian,5B8lBkCqEd_O
331,connie80,1993-09-22,Tonga,uhU_wT$!O2Mw
332,lonniecarr,2004-05-24,Turkish,M4b^!Bb@^tNU
333,halljeffery,1915-02-24,Yoruba,dG*ASpTu^vG2
334,phillippark,1957-01-11,Kinyarwanda,$)T4jaOZg4gN
335,lisa64,1921-01-08,Avaric,1#R_6)cJP6zC
336,murraymichael,1960-05-04,Inuktitut,)m(XsrahZl3e
337,maria41,1921-03-09,Ojibwa,_J0receWgz+G
338,connie44,2021-01-27,Korean,v&9@Wk5NE5#%
339,gonzalescrystal,2021-01-02,Bulgarian,!KNPFXRvS4ZD
340,wellsjonathan,1986-12-16,Korean,1b*4(ZtAhRP2
341,frenchkelsey,1965-05-08,Bambara,z90phD%jJh@i
342,timothy33,2024-12-26,Welsh,WeY)6SspI4vq
343,katelynhernandez,2020-11-17,Bashkir,(5FYLqc+iBjU
344,david18,2018-02-22,Italian,#ebkxtl%0xZ@
345,chenthomas,1921-01-10,Gujarati,OT0tsg#oZ^KW
346,williamsjason,1993-10-30,Pushto,j)13GXzeQkL%
347,lnewman,1970-01-10,Northern Sami,+6uXQ7pg8NWW
348,deborah32,1987-12-16,Twi,_f20PZSaqki*
349,ehernandez,1942-01-31,Hindi,D^nOe^3DOH3D
350,markgarcia,1985-08-09,Ossetian,UR*O4bibpI6%
351,taylorkenneth,1920-02-03,Fijian,z12Bok!eS%j1
352,adamsbenjamin,1945-05-28,Slovenian,)753FmYm%*e+
353,jerrydaniels,1927-05-11,Armenian,5&IDO3zF%Bmu
354,kanderson,1983-12-21,South Ndebele,G_4GYEja2FdQ
355,melissawatkins,1968-11-13,Georgian,%#&N9ZVpD1hd
356,hutchinsonmichael,1935-09-27,Urdu,*P)2WJWeT89Q
357,hwilliams,1926-08-11,Armenian,v)Nlwk8^*7hl
358,wwhite,2009-06-17,Northern Sami,j!3b8CueFLNE
359,william35,2002-07-16,Persian,#5XZCZiEk96c
360,clarkjames,1942-11-25,Venda,*qo@^X$r0YNq
361,shannon62,1955-02-25,Portuguese,b7AarTes+rfQ
362,weeksanna,1959-08-12,Indonesian,LGFSx^jWi#4R
363,ymartinez,2006-02-17,Afrikaans,mOw#KkWZb4nB
364,ryan79,2002-05-20,Tsonga,soYuWDJE0Q#m
365,jameschen,1932-06-11,Tahitian,%9+a*pK0yiN#
366,jasonmiller,2012-07-17,Chinese,VHKCR2lCUo%9
367,daniel48,1991-05-12,Estonian,+0E)Z0oYP!wd
368,murphyrandy,1979-06-13,"Sotho, Southern",Q2I#hQ(g#8QX
369,morenowilliam,1945-12-18,Hindi,Mvu0HjUS)F9A
370,christopherparrish,1994-05-12,Cornish,+kx7HjGMY%*P
371,delgadomaurice,1959-02-15,Venda,&AiaFtTV7zda
372,jameshunter,1948-04-11,Tamil,!RLfs&4+xd5W
373,jasonnicholson,1963-08-30,Rundi,(#2mNIa+tlo3
374,gravesnicole,2021-09-06,Swedish,!zVCD+MkiK0l
375,victoriasingh,1968-10-04,Tibetan,&@F3*MlRW!58
376,kennethjames,1982-09-28,Macedonian,^9*ej$$YH8En
377,wbaker,1946-04-03,Latin,U72OKlHEl*r3
378,richardshaffer,1957-11-29,Italian,m)6MGii_(vd9
379,beltrantheodore,2016-01-09,Chuvash,#q8nnpv54qYc
380,aheath,1914-11-10,Italian,b&Vm^0BtgrDp
381,nathanieldiaz,1942-03-30,Russian,l%*(Pg6Tz_B8
382,jenniferjohnson,1978-08-20,North Ndebele,G$39sy)owB%D
383,mgood,1958-10-02,Nauru,elJ5U3$d!1Df
384,andrea85,1933-08-24,Albanian,%LW$##QtA^8V
385,johnsonanthony,1963-06-13,Rundi,k)MvWvoq#i91
386,ryanharding,1935-09-30,Zulu,_QvBg*a^SX3$
387,conwaycathy,2019-05-24,Occitan,Tt1BnJRfT&bc
388,isaac56,1983-01-19,Kazakh,X&3KsTW*FOH$
389,vcoffey,1996-09-11,Albanian,Wp4J_bFr^!3o
390,vshields,1926-05-07,Rundi,5g!YMpt$_T)@
391,michelle00,2008-09-03,Fulah,Ca@MFQrgKu0D
392,jonathan78,1953-09-30,Bambara,$!0l5IitAPIs
393,marcsmith,1984-02-20,Sango,hgvag0OhG@J(
394,pglover,1951-08-01,Afar,vn2hSgp^n@R%
395,kathryncastro,2019-02-24,Ukrainian,%xuBbwxbh0tj
396,jonathan28,1946-09-17,Macedonian,@ykNwtIf9p4I
397,robert58,1991-02-14,Church Slavic,A@4*GoHpf*N%
398,robyn02,1913-11-26,Danish,*0pj9+it_QmF
399,brandondavis,1923-02-13,Bulgarian,@tUZwhdoLX8$
400,wyang,1939-07-20,Somali,f2JucEO0&gGs
401,lopezkatie,1988-11-03,Xhosa,3kBJoq2S$#N^
402,paulbecker,1924-10-13,Chinese,!548M+Ubj#q(
403,matthew77,1952-12-09,Indonesian,WC7&Tkys*1%_
404,gwade,1967-04-30,Hausa,hm*LTCkv1^w6
405,gregoryyoung,1976-11-10,Manx,b6+zLjmp*0dK
406,rachael61,1926-08-14,Quechua,5ptUiCGh$fHZ
407,sanderskatrina,1991-03-04,"Sotho, Southern",12Lu5zrFN(^K
408,hdavidson,1922-12-18,Oriya,4iZFIwJ&_5wA
409,jessica44,1959-03-03,Georgian,T)EirX%q#8QM
410,wendy44,1966-10-04,Tonga,X)tUWXtvBg%4
411,wallsmichele,1941-12-29,Somali,)@#26^zzkZ$o
412,melissa89,2000-09-26,Czech,^51)RsvpYzRK
413,andersonpeggy,1990-02-24,Maori,(a!cA4FBE@aF
414,danielsgregory,2002-07-22,Aragonese,n50lwzA_sSF&
415,raymond80,1945-09-22,Persian,5%+qM_%lyi0i
416,danny15,2005-12-10,Manx,(R5IVDr!Xz&N
417,ryoung,1963-01-15,Assamese,_GQww%2N6U3R
418,kristy24,1921-02-06,Chuvash,ca5Y6ltIjvn#
419,jeremy55,1971-01-22,Avestan,2BhQ75aD()6m
420,richard61,1937-10-27,Western Frisian,yF3!qbWM%EUg
421,nfreeman,1919-01-19,Northern Sami,W)8YXogw)^Ok
422,rnoble,1948-07-09,Burmese,+05wxYv+mfUt
423,kimberly90,1941-12-20,Nepali,&3KIH$ic$Y_M
424,rcraig,1966-07-20,Inuktitut,#K%$2)VuvUgY
425,kristinepalmer,1921-01-05,Afar,4)XAvv_i@b4U
426,harveyrandall,1936-12-22,Latvian,^ZUe*Ksc5gfk
427,vphillips,2001-09-16,Hausa,D)prirmr492Y
428,lambkimberly,1990-01-15,Kazakh,@6(q!%zx^4WU
429,david99,1943-01-30,Armenian,h1&IB$l6+hje
430,lauraholland,2003-07-19,Luxembourgish,nUYx+vm6!z6e
431,stephen70,1930-06-03,Luxembourgish,%3KZZXeEn_yI
432,joshua49,1993-05-29,Italian,(0mCXT+xQngi
433,morrisalicia,1940-01-20,Sango,t4^Aqxy1kAQ_
434,meganjackson,1973-08-24,Luba-Katanga,@_2)Hb7qn#Ql
435,jarvisholly,1965-12-27,Interlingue,K3X%7$%%WqBJ
436,bmartinez,2020-09-06,Komi,n2Aa4ZX2%1I+
437,tiffanyperez,1944-10-28,Macedonian,Mb_wYck5&0ZO
438,randall94,2018-02-05,Afrikaans,$txqU)zso)4K
439,baileyjoshua,1931-12-25,Tonga,)5AoJ@VNy1lp
440,karensharp,1970-07-23,Bulgarian,_+Ezu2V_I2hm
441,rogerriley,1936-02-14,Telugu,2&oNe9ww@nTQ
442,nicholascarlson,1982-03-01,Finnish,o5DH$WA0@@Pu
443,hessabigail,1963-10-21,Pushto,EC^4Zgv$R^Gv
444,fitzpatrickamy,1945-11-01,Nepali,9X0JtV2U!Z2)
445,sullivandonald,1990-07-08,Fulah,@R3KXgeb++KS
446,kstanley,1983-06-27,Akan,57D0O3Re+X^a
447,lauren31,2013-08-08,Ojibwa,h#9Hj7Z85^A^
448,ysmith,1948-02-01,Bislama,HEH98Xg&I@Ef
449,johnsonstephanie,1964-05-16,Persian,*3KCE2vBh1sX
450,andrewalexander,1965-05-20,Marshallese,)T0znlvIMYSv
451,anthonyrose,1913-01-29,Javanese,l%0Ts+rj0Xc+
452,cdavis,1994-09-14,Kongo,)O4BX5gtGTpP
453,sabrina51,1984-03-11,Armenian,^f4pP9AsN^zN
454,jessemckinney,2015-04-23,Indonesian,*@FfBNxBHw6Q
455,ngonzalez,1942-10-11,Panjabi,q1Y^Yea4SC+3
456,lgray,1988-12-05,Assamese,4(*hxyPa_I$Y
457,christineriley,1983-03-11,Slovak,67EKOMUd!gdk
458,eriktran,1943-01-16,Samoan,8%KPfmag&Y%8
459,eaguilar,1970-11-14,Tagalog,9)DhUy&a+65K
460,amy80,1972-11-06,Kirghiz,^4hvXA(aPlH9
461,krivera,1940-05-18,Serbian,%QsOVPGf7(TY
462,gomezdevin,1982-07-08,Bambara,E1LhhS4f&1KT
463,eblanchard,1986-07-06,Telugu,GCGwqxJQ)(0N
464,jenniferfigueroa,2021-10-01,Polish,+r6gNtAw^@OK
465,gouldrandy,2018-12-19,Occitan,)4ZndcX5_rw*
466,martinjames,1965-09-21,Divehi,KA89m!h9_#Js
467,rharris,1936-05-14,Limburgan,*FOml9Hv$1M)
468,david95,1958-05-12,Akan,ZG0^S*xg#w7C
469,michaelrose,1994-02-17,Sanskrit,Mn!m4AFb@r89
470,colemanaaron,1983-10-09,Kazakh,)vUwdE6_m#i0
471,ericadodson,2011-09-12,Abkhazian,$@qG3LYt!uAK
472,dmclean,1955-09-07,Indonesian,MR6BtCd)S&3@
473,brandi44,1925-11-05,Inupiaq,!D5KbAHKJF(F
474,miranda52,1998-11-27,Serbian,V%C8LX*ihtse
475,timothy50,1917-01-13,Avaric,$g83mbe)sr^W
476,tstephenson,1927-05-06,Luxembourgish,*@7TDFOf19*j
477,ashannon,1992-03-01,Serbian,$c0DSk+tNaBb
478,hineselizabeth,1966-11-09,Dutch,zx_Sg2vnDi6W
479,mpatel,1969-07-02,Avaric,G*GjWj(!!Y5F
480,morrisbarbara,2003-06-03,Corsican,G#1rIPtAa+*O
481,cooperjonathan,1925-03-05,Burmese,w!1E3zaS8n!O
482,chall,1928-08-08,Tahitian,0)aJCusdxG+0
483,karenvaughn,1953-03-08,Welsh,&)o6NfMf(#h6
484,carol28,1968-03-10,Bashkir,8VIstp$8_OVo
485,mcmahondanny,1918-02-11,Serbian,W+AzU8VynuU*
486,william49,2010-12-03,Corsican,_avYeo8HT80)
487,sandy25,2018-06-25,Maori,+g*7CBxjnb#b
488,pespinoza,1962-12-30,Breton,(L5aquaFN(UH
489,garrisonandre,1989-11-01,Igbo,!&oCBqE3379H
490,holly05,1940-11-20,Inupiaq,6fY0pv#D&+IJ
491,johnwalker,1992-11-14,Hiri Motu,%fyX!l9#fE8x
492,dustinfranklin,2000-08-05,Luba-Katanga,7X6oeDn6$7&Z
493,smalljerry,1914-10-16,Ganda,%K(ZoYSws3YH
494,ejones,2015-09-23,Fijian,$J5JuY&H$Xkq
495,davidesparza,2023-08-16,Pushto,)JQ#pwg%9hKs
496,kevinking,1998-08-27,Japanese,7x(&7#ob)myD
497,llee,1918-08-11,Basque,jL9Ur9E1*8DE
498,davenportkristine,1984-10-13,Arabic,ex4_FOx1#R(0
499,carriewalter,1985-05-20,Danish,_(W0OyJ2Gqb7
500,lori00,1935-10-09,Macedonian,^nOU6qMS0kgz
